metric,C7 baseline (+PC s0),C7* (leakage-removed),Δ (C7* − C7)
n_matched,1707.0,1707.0,
jsd,0.001088,0.0033,0.002212
wasserstein,0.018161,0.033392,0.015231
tvd,0.018161,0.033392,0.015231
pred_mean,1.93263,1.917399,-0.015231
gt_mean,1.950791,1.950791,0.0
prevalence_error,0.018161,0.033392,0.015231
cohen_kappa,0.41923,0.171099,-0.248131
weighted_kappa_quadratic,0.41923,0.171099,-0.248131
weighted_kappa_linear,0.41923,0.171099,-0.248131
mcc,0.425069,0.177698,-0.24737
precision_minority,0.391304,0.177305,-0.213999
recall_minority,0.535714,0.297619,-0.238095
f1_minority,0.452261,0.222222,-0.230039
macro_f1,0.709179,0.583673,-0.125506
