dim,level,item,n_pairs,mean_S,mean_P,diff_P_minus_S,se,ci_lo,ci_hi,t_stat,p_value
gender,Female,dv_legitimacy,1284,2.0482866043613708,2.467289719626168,0.4190031152647975,0.044146437132597735,0.33247609848490595,0.505530132044689,9.491210219440461,1.0702282715778684e-20
gender,Female,dv_behavioral_intent,1284,0.07009345794392523,0.21339563862928349,0.14330218068535824,0.009781982964710455,0.12412949407452575,0.16247486729619073,14.649604400491814,4.748571296649281e-45
gender,Male,dv_legitimacy,1331,2.0668670172802406,2.464312546957175,0.39744552967693464,0.04114437826398901,0.3168025482795162,0.4780885110743531,9.659777263539132,2.2079862731440426e-21
gender,Male,dv_behavioral_intent,1331,0.06536438767843726,0.236664162283997,0.17129977460555973,0.01033121271970928,0.15105059767492954,0.19154895153618992,16.58080026546778,2.8562736717422282e-56
age_band,18-29,dv_legitimacy,769,2.033810143042913,2.5292587776332898,0.49544863459037713,0.05761163316579323,0.3825298335854224,0.6083674355953319,8.599801938691588,4.457231792927823e-17
age_band,18-29,dv_behavioral_intent,769,0.11833550065019506,0.33159947984395316,0.21326397919375814,0.01478062033420131,0.18429396333872358,0.2422339950487927,14.428621693250614,6.179485362959317e-42
age_band,30-44,dv_legitimacy,872,2.0424311926605503,2.463302752293578,0.4208715596330275,0.05020707467164647,0.32246569327660046,0.5192774259894546,8.382714236699137,2.063965325061968e-16
age_band,30-44,dv_behavioral_intent,872,0.05389908256880734,0.2029816513761468,0.14908256880733944,0.012068354709818681,0.12542859357609482,0.17273654403858407,12.353180892673588,2.0336204190784954e-32
age_band,45-59,dv_legitimacy,623,2.1123595505617976,2.452648475120385,0.3402889245585875,0.0642943622753661,0.21427197449886995,0.4663058746183051,5.292671278100019,1.6732640948102691e-07
age_band,45-59,dv_behavioral_intent,623,0.04333868378812199,0.15569823434991975,0.11235955056179775,0.01266275915383453,0.08754054262028207,0.13717855850331342,8.873228116936355,7.515603048561695e-18
age_band,60+,dv_legitimacy,351,2.051282051282051,2.3561253561253563,0.30484330484330485,0.07646982036059066,0.15496245693654714,0.45472415275006256,3.9864524776680184,8.165954500718893e-05
age_band,60+,dv_behavioral_intent,351,0.03418803418803419,0.17094017094017094,0.13675213675213677,0.01836541702267465,0.10075591938769446,0.17274835411657907,7.446176505727986,7.548747057994934e-13
education,Less than high school,dv_legitimacy,1000,1.87,2.274,0.404,0.047592531441908496,0.3107186383738594,0.49728136162614067,8.488726860287374,7.4742530670526e-17
education,Less than high school,dv_behavioral_intent,1000,0.014,0.103,0.089,0.009008893392651516,0.07134256895040303,0.10665743104959696,9.879126782940576,5.0402247327140735e-22
education,High school,dv_legitimacy,862,2.02784222737819,2.433874709976798,0.4060324825986079,0.05412070397013693,0.2999559028171395,0.5121090623800763,7.502350354175939,1.5620284331602844e-13
education,High school,dv_behavioral_intent,862,0.07888631090487239,0.24361948955916474,0.16473317865429235,0.01264158644725039,0.1399556692176816,0.1895106880909031,13.031052656379428,1.4762786235057027e-35
education,University or higher,dv_legitimacy,753,2.3413014608233733,2.756972111553785,0.4156706507304117,0.055922941653781894,0.3060616850889992,0.5252796163718242,7.432918198470719,2.8956441532805817e-13
education,University or higher,dv_behavioral_intent,753,0.12616201859229748,0.3665338645418327,0.2403718459495352,0.015582366159821835,0.2098304082762844,0.270913283622786,15.425888692650483,7.541176788399806e-47
urbanization,Rural,dv_legitimacy,426,1.9530516431924883,2.208920187793427,0.25586854460093894,0.06960298224550107,0.11944669939975686,0.39229038980212105,3.676114677075888,0.00026713653654085196
urbanization,Rural,dv_behavioral_intent,426,0.023474178403755867,0.13615023474178403,0.11267605633802817,0.015337778247431497,0.08261401097306244,0.1427381017029939,7.346308866924529,1.0504376817308902e-12
urbanization,Intermediate,dv_legitimacy,436,1.9839449541284404,2.4747706422018347,0.4908256880733945,0.07206462846428124,0.34957901628340327,0.6320723598633857,6.810909853183684,3.2375658990582255e-11
urbanization,Intermediate,dv_behavioral_intent,436,0.05963302752293578,0.22247706422018348,0.1628440366972477,0.017702902964060067,0.12814634688768997,0.19754172650680543,9.19871938674968,1.5204739648779449e-18
urbanization,Dense urban,dv_legitimacy,1753,2.1015402167712494,2.5259555048488305,0.4244152880775813,0.03755761413128522,0.35080236438026224,0.4980282117749003,11.300379374312984,1.245456365168203e-28
urbanization,Dense urban,dv_behavioral_intent,1753,0.08043354249857387,0.24757558471192243,0.16714204221334855,0.008913766863155901,0.14967105916156298,0.18461302526513412,18.750999973334753,1.2231682531760655e-71
ethnic_origin,Non-Kurdish,dv_legitimacy,2042,2.011753183153771,2.3976493633692457,0.385896180215475,0.03359543792023068,0.3200491218918229,0.4517432385391271,11.486564965509617,1.2285825994211599e-29
ethnic_origin,Non-Kurdish,dv_behavioral_intent,2042,0.056317335945151814,0.19441723800195887,0.13809990205680706,0.0076366633870280564,0.12313204181823206,0.15306776229538205,18.083801139040528,6.446872155174512e-68
ethnic_origin,Kurdish,dv_legitimacy,573,2.2216404886561953,2.7085514834205933,0.4869109947643979,0.06763126093373843,0.3543537233342706,0.6194682661945252,7.1994960324848565,1.910160463035034e-12
ethnic_origin,Kurdish,dv_behavioral_intent,573,0.1082024432809773,0.33507853403141363,0.2268760907504363,0.01751140139065827,0.1925537440247461,0.2611984374761265,12.955907165229329,7.6183414374941535e-34
politics,Left (0-3),dv_legitimacy,573,2.717277486910995,3.0087260034904015,0.2914485165794066,0.0713880580278832,0.15152792284475555,0.43136911031405767,4.082594829314041,5.0879993283113534e-05
politics,Left (0-3),dv_behavioral_intent,573,0.21291448516579406,0.5532286212914486,0.3403141361256545,0.019811190279169357,0.3014842031784825,0.37914406907282644,17.17787428872866,1.2192438696719593e-53
politics,Center (4-6),dv_legitimacy,798,2.0213032581453634,2.5338345864661656,0.5125313283208021,0.054040474647479075,0.4066119980117431,0.618450658629861,9.484212188441818,2.732833237439163e-20
politics,Center (4-6),dv_behavioral_intent,798,0.043859649122807015,0.21303258145363407,0.16917293233082706,0.013279801895763952,0.14314452061512972,0.1952013440465244,12.739115662921943,5.7447137363990735e-34
politics,Right (7-10),dv_legitimacy,728,1.7046703296703296,2.0357142857142856,0.33104395604395603,0.053435603939431996,0.2263101723226693,0.43577773976524276,6.19519443289509,9.741229161892136e-10
politics,Right (7-10),dv_behavioral_intent,728,0.009615384615384616,0.05357142857142857,0.04395604395604396,0.007602930564699017,0.029054300049233886,0.05885778786285403,5.781460659411412,1.0992718370754655e-08
politics,Not reported,dv_legitimacy,516,1.87984496124031,2.364341085271318,0.4844961240310077,0.06563730702562842,0.35584700226077604,0.6131452458012394,7.381413802394937,6.3305114701682e-13
politics,Not reported,dv_behavioral_intent,516,0.025193798449612403,0.12209302325581395,0.09689922480620156,0.013035408465426104,0.07134982421396639,0.12244862539843672,7.4335395828376205,4.438491897009504e-13
