dim,level,item,condition,mean,se,n
gender,Female,dv_legitimacy,S,2.0482866043613708,0.03490426685339211,1284
gender,Female,dv_legitimacy,P,2.467289719626168,0.03760514589653744,1284
gender,Female,dv_behavioral_intent,S,0.07009345794392523,0.00712485257525725,1284
gender,Female,dv_behavioral_intent,P,0.21339563862928349,0.011433743170972212,1284
gender,Male,dv_legitimacy,S,2.0668670172802406,0.03430321913348483,1331
gender,Male,dv_legitimacy,P,2.464312546957175,0.037437197814148976,1331
gender,Male,dv_behavioral_intent,S,0.06536438767843726,0.006774897566843155,1331
gender,Male,dv_behavioral_intent,P,0.236664162283997,0.011650244709186588,1331
age_band,18-29,dv_legitimacy,S,2.033810143042913,0.04520969855281895,769
age_band,18-29,dv_legitimacy,P,2.5292587776332898,0.05012027143039241,769
age_band,18-29,dv_behavioral_intent,S,0.11833550065019506,0.011647857085717027,769
age_band,18-29,dv_behavioral_intent,P,0.33159947984395316,0.016977046571403726,769
age_band,30-44,dv_legitimacy,S,2.0424311926605503,0.04215099859484883,872
age_band,30-44,dv_legitimacy,P,2.463302752293578,0.04515792225461989,872
age_band,30-44,dv_behavioral_intent,S,0.05389908256880734,0.007647177588946799,872
age_band,30-44,dv_behavioral_intent,P,0.2029816513761468,0.013620853067289404,872
age_band,45-59,dv_legitimacy,S,2.1123595505617976,0.05080308209450828,623
age_band,45-59,dv_legitimacy,P,2.452648475120385,0.053913567386459894,623
age_band,45-59,dv_behavioral_intent,S,0.04333868378812199,0.00815779789980441,623
age_band,45-59,dv_behavioral_intent,P,0.15569823434991975,0.014526021051639575,623
age_band,60+,dv_legitimacy,S,2.051282051282051,0.06574930020020464,351
age_band,60+,dv_legitimacy,P,2.3561253561253563,0.0724300193031187,351
age_band,60+,dv_behavioral_intent,S,0.03418803418803419,0.009699063382746878,351
age_band,60+,dv_behavioral_intent,P,0.17094017094017094,0.020093770838078357,351
education,Less than high school,dv_legitimacy,S,1.87,0.03567032901968206,1000
education,Less than high school,dv_legitimacy,P,2.274,0.04119005487518341,1000
education,Less than high school,dv_behavioral_intent,S,0.014,0.003715373467095872,1000
education,Less than high school,dv_behavioral_intent,P,0.103,0.009612023720320296,1000
education,High school,dv_legitimacy,S,2.02784222737819,0.04177681267857324,862
education,High school,dv_legitimacy,P,2.433874709976798,0.046077171485560495,862
education,High school,dv_behavioral_intent,S,0.07888631090487239,0.009181292190310995,862
education,High school,dv_behavioral_intent,P,0.24361948955916474,0.01462084747267195,862
education,University or higher,dv_legitimacy,S,2.3413014608233733,0.05020523707629338,753
education,University or higher,dv_legitimacy,P,2.756972111553785,0.05040254126389313,753
education,University or higher,dv_behavioral_intent,S,0.12616201859229748,0.012099914043629928,753
education,University or higher,dv_behavioral_intent,P,0.3665338645418327,0.017559868781249214,753
urbanization,Rural,dv_legitimacy,S,1.9530516431924883,0.05885124328836009,426
urbanization,Rural,dv_legitimacy,P,2.208920187793427,0.060487118792606605,426
urbanization,Rural,dv_behavioral_intent,S,0.023474178403755867,0.007335542990617237,426
urbanization,Rural,dv_behavioral_intent,P,0.13615023474178403,0.016615886136956214,426
urbanization,Intermediate,dv_legitimacy,S,1.9839449541284404,0.056846345392582376,436
urbanization,Intermediate,dv_legitimacy,P,2.4747706422018347,0.06473212663123429,436
urbanization,Intermediate,dv_behavioral_intent,S,0.05963302752293578,0.011340935186203606,436
urbanization,Intermediate,dv_behavioral_intent,P,0.22247706422018348,0.019918470297239185,436
urbanization,Dense urban,dv_legitimacy,S,2.1015402167712494,0.03040853452882536,1753
urbanization,Dense urban,dv_legitimacy,P,2.5259555048488305,0.03287381699533594,1753
urbanization,Dense urban,dv_behavioral_intent,S,0.08043354249857387,0.0064955989198718445,1753
urbanization,Dense urban,dv_behavioral_intent,P,0.24757558471192243,0.010308474201780807,1753
ethnic_origin,Non-Kurdish,dv_legitimacy,S,2.011753183153771,0.027041950490624873,2042
ethnic_origin,Non-Kurdish,dv_legitimacy,P,2.3976493633692457,0.02943546565729871,2042
ethnic_origin,Non-Kurdish,dv_behavioral_intent,S,0.056317335945151814,0.00510159726179399,2042
ethnic_origin,Non-Kurdish,dv_behavioral_intent,P,0.19441723800195887,0.00875779142597861,2042
ethnic_origin,Kurdish,dv_legitimacy,S,2.2216404886561953,0.05586386780690388,573
ethnic_origin,Kurdish,dv_legitimacy,P,2.7085514834205933,0.05939709623253769,573
ethnic_origin,Kurdish,dv_behavioral_intent,S,0.1082024432809773,0.012977001710100506,573
ethnic_origin,Kurdish,dv_behavioral_intent,P,0.33507853403141363,0.01971883119696682,573
politics,Left (0-3),dv_legitimacy,S,2.717277486910995,0.06086527682826021,573
politics,Left (0-3),dv_legitimacy,P,3.0087260034904015,0.06078395051554936,573
politics,Left (0-3),dv_behavioral_intent,S,0.21291448516579406,0.017101580669132904,573
politics,Left (0-3),dv_behavioral_intent,P,0.5532286212914486,0.020769100163405656,573
politics,Center (4-6),dv_legitimacy,S,2.0213032581453634,0.04137243739883917,798
politics,Center (4-6),dv_legitimacy,P,2.5338345864661656,0.04648955888882486,798
politics,Center (4-6),dv_behavioral_intent,S,0.043859649122807015,0.007249231253135927,798
politics,Center (4-6),dv_behavioral_intent,P,0.21303258145363407,0.01449439009501987,798
politics,Right (7-10),dv_legitimacy,S,1.7046703296703296,0.03778205045729871,728
politics,Right (7-10),dv_legitimacy,P,2.0357142857142856,0.04375091482876206,728
politics,Right (7-10),dv_behavioral_intent,S,0.009615384615384616,0.003616759104563568,728
politics,Right (7-10),dv_behavioral_intent,P,0.05357142857142857,0.008345355572544799,728
politics,Not reported,dv_legitimacy,S,1.87984496124031,0.050382386215920616,516
politics,Not reported,dv_legitimacy,P,2.364341085271318,0.058179911220072315,516
politics,Not reported,dv_behavioral_intent,S,0.025193798449612403,0.006898920116779079,516
politics,Not reported,dv_behavioral_intent,P,0.12209302325581395,0.014412682623413135,516
