outcome,type,dim,level,n,obs_pos,sim_pos,diff,jsd,mcc,rec_pos,prec_pos,obs_mean,sim_mean,err,wass,kw
pacdemons,subgroup,gender,Female,829,0.027744270205066344,0.04463208685162847,0.016887816646562127,0.0014877808074528428,0.3191682386747517,0.43478260869565216,0.2702702702702703,,,,,
pacdemons,subgroup,gender,Male,878,0.06947608200455581,0.0888382687927107,0.019362186788154892,0.0009296512026857942,0.46573315246607555,0.5737704918032787,0.44871794871794873,,,,,
pacdemons,subgroup,age_band,18-29,509,0.05893909626719057,0.07269155206286837,0.013752455795677798,0.0005556819193315597,0.5725415924973712,0.6666666666666666,0.5405405405405406,,,,,
pacdemons,subgroup,age_band,30-44,565,0.05309734513274336,0.0584070796460177,0.005309734513274336,9.661336541044843e-05,0.3785866107249405,0.43333333333333335,0.3939393939393939,,,,,
pacdemons,subgroup,age_band,45-59,397,0.02518891687657431,0.0654911838790932,0.04030226700251889,0.006998807291103452,0.15237740375460623,0.3,0.11538461538461539,,,,,
pacdemons,subgroup,age_band,60+,236,0.059322033898305086,0.08050847457627118,0.021186440677966094,0.0012492915880484676,0.5190372619527295,0.6428571428571429,0.47368421052631576,,,,,
pacdemons,subgroup,education,Less than high school,636,0.026729559748427674,0.05660377358490566,0.029874213836477988,0.004117937049095447,0.29688852843247837,0.47058823529411764,0.2222222222222222,,,,,
pacdemons,subgroup,education,High school,574,0.05226480836236934,0.07665505226480836,0.02439024390243902,0.0017890298993061486,0.4619519798878761,0.6,0.4090909090909091,,,,,
pacdemons,subgroup,education,University or higher,497,0.0744466800804829,0.07042253521126761,-0.00402414486921529,4.3470332273692314e-05,0.49115235696510395,0.5135135135135135,0.5428571428571428,,,,,
pacdemons,subgroup,urbanization,Rural,281,0.03202846975088968,0.0498220640569395,0.01779359430604982,0.001465884500969376,0.4228099404581628,0.5555555555555556,0.35714285714285715,,,,,
pacdemons,subgroup,urbanization,Intermediate,289,0.058823529411764705,0.0657439446366782,0.00692041522491349,0.00014794916051724804,0.4677201975923933,0.5294117647058824,0.47368421052631576,,,,,
pacdemons,subgroup,urbanization,Dense urban,1137,0.051011433597185574,0.07211961301671065,0.021108179419525072,0.0013972061628327174,0.41439431887618694,0.5344827586206896,0.3780487804878049,,,,,
pacdemons,subgroup,ethnic_origin,Non-Kurdish,1325,0.0430188679245283,0.06792452830188679,0.024905660377358488,0.002152274055833416,0.3566899296305037,0.49122807017543857,0.3111111111111111,,,,,
pacdemons,subgroup,ethnic_origin,Kurdish,382,0.07068062827225131,0.06544502617801047,-0.005235602094240843,7.795088865723989e-05,0.6291412866707149,0.6296296296296297,0.68,,,,,
pacdemons,subgroup,politics,Left (0-3),369,0.11382113821138211,0.16802168021680217,0.05420054200542006,0.004399670287472201,0.47797321433632667,0.6666666666666666,0.45161290322580644,,,,,
pacdemons,subgroup,politics,Center (4-6),524,0.03816793893129771,0.04580152671755725,0.007633587786259541,0.000261609068168106,0.4327988156347182,0.5,0.4166666666666667,,,,,
pacdemons,subgroup,politics,Right (7-10),484,0.0371900826446281,0.04132231404958678,0.004132231404958678,8.168283597564154e-05,0.2334877076590449,0.2777777777777778,0.25,,,,,
pacdemons,subgroup,politics,Not reported,330,0.012121212121212121,0.02727272727272727,0.01515151515151515,0.0021992147478557943,0.3214933714448212,0.5,0.2222222222222222,,,,,
pacdemons,region,NUTS-1,İstanbul,279,0.06810035842293907,0.0931899641577061,0.025089605734767026,0.0015368617758082825,0.5006607662934316,0.631578947368421,0.46153846153846156,,,,,
pacdemons,region,NUTS-1,Western Marmara,75,0.04,0.08,0.04,0.005209229512132477,0.6922186552431729,1.0,0.5,,,,,
pacdemons,region,NUTS-1,Aegean,215,0.04186046511627907,0.07906976744186046,0.037209302325581395,0.0044628860147645786,0.45514370866119325,0.6666666666666666,0.35294117647058826,,,,,
pacdemons,region,NUTS-1,Eastern Marmara,170,0.03529411764705882,0.058823529411764705,0.023529411764705882,0.0022490557586055237,0.2231518495721684,0.3333333333333333,0.2,,,,,
pacdemons,region,NUTS-1,Western Anatolia,168,0.047619047619047616,0.05952380952380952,0.011904761904761904,0.0005050730251405775,0.41628252334262883,0.5,0.4,,,,,
pacdemons,region,NUTS-1,Mediterranean,216,0.06481481481481481,0.08333333333333333,0.018518518518518517,0.000903873417832044,0.32884553420581547,0.42857142857142855,0.3333333333333333,,,,,
pacdemons,region,NUTS-1,Central Anatolia,90,0.05555555555555555,0.044444444444444446,-0.011111111111111106,0.0004696327336252912,0.41845262477275313,0.4,0.5,,,,,
pacdemons,region,NUTS-1,Western Black Sea,108,0.046296296296296294,0.07407407407407407,0.027777777777777776,0.0024810473488693745,0.27419785925389256,0.4,0.25,,,,,
pacdemons,region,NUTS-1,Eastern Black Sea,53,0.05660377358490566,0.07547169811320754,0.018867924528301883,0.001044240662833252,0.23911685584311976,0.3333333333333333,0.25,,,,,
pacdemons,region,NUTS-1,Northeast Anatolia,48,0.041666666666666664,0.041666666666666664,0.0,0.0,0.4782608695652174,0.5,0.5,,,,,
pacdemons,region,NUTS-1,East-Central Anatolia,91,0.01098901098901099,0.03296703296703297,0.021978021978021976,0.00423680164778866,-0.019462473604038074,0.0,0.0,,,,,
pacdemons,region,NUTS-1,Southeast Anatolia,194,0.04639175257731959,0.03608247422680412,-0.010309278350515469,0.00048599466418083285,0.7457793892052582,0.6666666666666666,0.8571428571428571,,,,,
womenwork,subgroup,gender,Female,1266,,,,,,,,3.037124802527646,3.0853080568720386,0.04818325434439252,0.19352290679304898,0.2785567222116069
womenwork,subgroup,gender,Male,1322,,,,,,,,3.439485627836611,3.3910741301059004,-0.04841149773071063,0.20827029752899648,0.3228295064691619
womenwork,subgroup,age_band,18-29,758,,,,,,,,3.0620052770448547,3.015391380826737,-0.046613896218117734,0.2427440633245382,0.2943095019058494
womenwork,subgroup,age_band,30-44,866,,,,,,,,3.346420323325635,3.308698999230177,-0.03772132409545792,0.18398768283294833,0.3084265342918562
womenwork,subgroup,age_band,45-59,620,,,,,,,,3.293548387096774,3.293548387096774,0.0,0.1967741935483871,0.328375196207375
womenwork,subgroup,age_band,60+,344,,,,,,,,3.2877906976744184,3.4767441860465116,0.18895348837209314,0.29748062015503896,0.28469030849752586
womenwork,subgroup,education,Less than high school,984,,,,,,,,3.5457317073170733,3.712059620596206,0.16632791327913266,0.23407859078590784,0.16287194029401372
womenwork,subgroup,education,High school,853,,,,,,,,3.189917936694021,3.1242672919109027,-0.06565064478311822,0.21961703790543183,0.30763122218021066
womenwork,subgroup,education,University or higher,751,,,,,,,,2.9054593874833556,2.7581003106968485,-0.14735907678650717,0.24056813138038172,0.348897810862766
womenwork,subgroup,urbanization,Rural,425,,,,,,,,3.3811764705882354,3.641568627450981,0.2603921568627454,0.3027450980392158,0.23809555884229142
womenwork,subgroup,urbanization,Intermediate,430,,,,,,,,3.313953488372093,3.255813953488372,-0.058139534883721034,0.23488372093023258,0.30054207061704685
womenwork,subgroup,urbanization,Dense urban,1733,,,,,,,,3.190998268897865,3.1398345835737644,-0.05116368532410043,0.19465281784958646,0.3248061695256191
womenwork,subgroup,ethnic_origin,Non-Kurdish,2021,,,,,,,,3.186046511627907,3.184397163120567,-0.0016493485073398872,0.17911924789708075,0.31608576524466386
womenwork,subgroup,ethnic_origin,Kurdish,567,,,,,,,,3.4444444444444446,3.445032333921223,0.0005878894767783471,0.20634920634920637,0.27625486814058153
womenwork,subgroup,politics,Left (0-3),570,,,,,,,,2.829824561403509,2.5842105263157897,-0.24561403508771917,0.3099415204678363,0.3573574031102136
womenwork,subgroup,politics,Center (4-6),792,,,,,,,,3.1565656565656566,3.132575757575758,-0.023989898989898784,0.19823232323232332,0.27435374222599246
womenwork,subgroup,politics,Right (7-10),722,,,,,,,,3.590027700831025,3.702677746999077,0.11265004616805196,0.2012927054478301,0.2058817424949243
womenwork,subgroup,politics,Not reported,504,,,,,,,,3.3472222222222223,3.4953703703703702,0.14814814814814792,0.2380952380952381,0.22159987981301768
womenwork,region,NUTS-1,İstanbul,418,,,,,,,,3.0430622009569377,3.043859649122807,0.0007974481658692412,0.10925039872408283,0.33025358503970537
womenwork,region,NUTS-1,Western Marmara,114,,,,,,,,3.1403508771929824,3.099415204678363,-0.04093567251461927,0.21052631578947367,0.29206649609133256
womenwork,region,NUTS-1,Aegean,326,,,,,,,,3.039877300613497,2.8231083844580778,-0.21676891615541916,0.3660531697341514,0.30487105748058624
womenwork,region,NUTS-1,Eastern Marmara,243,,,,,,,,3.246913580246914,3.3868312757201644,0.13991769547325061,0.2386831275720165,0.2967868710156183
womenwork,region,NUTS-1,Western Anatolia,264,,,,,,,,3.253787878787879,3.080808080808081,-0.172979797979798,0.19823232323232318,0.33456231508876816
womenwork,region,NUTS-1,Mediterranean,329,,,,,,,,3.221884498480243,3.2208713272543057,-0.0010131712259373593,0.2401215805471125,0.26313548885920124
womenwork,region,NUTS-1,Central Anatolia,146,,,,,,,,3.356164383561644,3.415525114155251,0.05936073059360725,0.2785388127853881,0.3959180063875354
womenwork,region,NUTS-1,Western Black Sea,164,,,,,,,,3.5121951219512195,3.4471544715447155,-0.06504065040650397,0.3577235772357723,0.3099018631148663
womenwork,region,NUTS-1,Eastern Black Sea,83,,,,,,,,3.2048192771084336,3.4538152610441766,0.24899598393574296,0.3534136546184739,0.2580509277047334
womenwork,region,NUTS-1,Northeast Anatolia,69,,,,,,,,3.579710144927536,3.7632850241545897,0.1835748792270535,0.24154589371980675,0.20284763612413467
womenwork,region,NUTS-1,East-Central Anatolia,133,,,,,,,,3.488721804511278,3.634085213032582,0.14536340852130403,0.22055137844611528,0.24297598085619906
womenwork,region,NUTS-1,Southeast Anatolia,299,,,,,,,,3.411371237458194,3.5228539576365665,0.11148272017837257,0.26755852842809386,0.24560597859449487
